split,MAE,RMSE,R2,composition_sum_error,presence_F1,false_positive_absent_%,MAE_CL,MAE_GP1,MAE_GP2,MAE_MH1,MAE_MH2,MAE_SP
train,0.034541466623126266,0.0498155319416882,0.9571816893615271,5.4016620236570115e-17,0.9235784136182542,9.032324227509061,0.03048246543001926,0.03930950923758844,0.036135109191327494,0.028355607551401353,0.036354091985620625,0.03661201634280041
val,0.1254604156265,0.16439773911450714,0.5294253753594944,5.181040781584064e-17,0.6519208381839349,32.49198856364251,0.0976363740932161,0.13109333180631733,0.13281149085184227,0.13242215396695475,0.12993055323369646,0.12886858980697313
test,0.12833998856021958,0.1808144474237827,0.35928538755079187,4.9118958059173594e-17,0.6879861711322385,32.12654988850258,0.09952336362716407,0.16557929431915114,0.11056686668132608,0.09909634777336682,0.1537954019624519,0.14147865699785736
test_mixture,0.12505911168492545,0.17316305003162186,0.4123634162579791,2.6914497566670462e-17,0.6804979253112033,32.12654988850259,0.09352627314387812,0.16519721537012602,0.10729759320363474,0.09805423318324984,0.14884084978939696,0.13743850541926697
